{"metadata":{"asset_id":"aa2bb8b0-fcab-4640-9595-1b6c53ab27ff","asset_attributes":["data_asset"],"name":"model_batch_score.csv","asset_type":"data_asset","created_at":"2020-06-24T14:10:21Z","description":"","origin_country":"us","owner_id":"1000331001","project_id":"64b83b6b-244f-454d-a3f7-0c09cef6e910","sandbox_id":"64b83b6b-244f-454d-a3f7-0c09cef6e910","size":40827,"tags":[],"usage":{"last_update_time":1593007821667,"last_updated_at":"2020-06-24T14:10:21Z"}},"entity":{"data_asset":{"mime_type":"text/csv","dataset":false}},"attachments":[{"id":"45761a8f-f88c-4a4f-9d4c-cd5f8bd61e0f","version":2,"asset_type":"data_asset","name":"model_batch_score.csv","mime":"text/csv","object_key":"data_asset/model_batch_score.csv","create_time":1593007821666,"size":40827,"is_remote":false,"is_managed":false,"is_referenced":true,"is_object_key_read_only":true,"is_user_provided_path_key":true,"transfer_complete":true,"is_partitioned":false,"complete_time_ticks":1593007821666,"user_data":{},"test_doc":0,"handle":{"key":"data_asset/model_batch_score.csv","upload_id":"done","max_part_num":1},"usage":{"access_count":0,"last_accessor_id":"1000331001","last_access_time":1593007821666}}]}