{"metadata":{"asset_id":"f61b6ae0-185c-45e9-8e89-c9657d869766","asset_attributes":["data_asset"],"name":"SOLUTIONS.CUSTOMER_ACTIVITY","asset_type":"data_asset","created_at":"2020-06-23T01:07:19Z","description":"","origin_country":"none","owner_id":"1000331001","project_id":"64b83b6b-244f-454d-a3f7-0c09cef6e910","sandbox_id":"64b83b6b-244f-454d-a3f7-0c09cef6e910","size":0,"tags":["connected-data"],"usage":{"last_update_time":1592874440617,"last_updated_at":"2020-06-23T01:07:20Z"}},"entity":{"data_asset":{"mime_type":"application/octet-stream","dataset":true,"columns":[{"name":"ID","type":{"length":5,"nullable":true,"type":"smallint","scale":0,"signed":true}},{"name":"TOTALDOLLARVALUETRADED","type":{"length":9,"nullable":true,"type":"decimal","scale":2,"signed":true}},{"name":"TOTALUNITSTRADED","type":{"length":5,"nullable":true,"type":"smallint","scale":0,"signed":true}},{"name":"LARGESTSINGLETRANSACTION","type":{"length":5,"nullable":true,"type":"smallint","scale":0,"signed":true}},{"name":"SMALLESTSINGLETRANSACTION","type":{"length":5,"nullable":true,"type":"smallint","scale":0,"signed":true}},{"name":"PERCENTCHANGECALCULATION","type":{"length":6,"nullable":true,"type":"decimal","scale":2,"signed":true}},{"name":"DAYSSINCELASTLOGIN","type":{"length":5,"nullable":true,"type":"smallint","scale":0,"signed":true}},{"name":"DAYSSINCELASTTRADE","type":{"length":5,"nullable":true,"type":"smallint","scale":0,"signed":true}},{"name":"NETREALIZEDGAINS_YTD","type":{"length":12,"nullable":true,"type":"decimal","scale":4,"signed":true}},{"name":"NETREALIZEDLOSSES_YTD","type":{"length":13,"nullable":true,"type":"decimal","scale":5,"signed":true}}]}},"attachments":[{"id":"be1165cd-1dc9-4043-a6a7-26a359b8e180","version":2,"asset_type":"data_asset","name":"CUSTOMER_ACTIVITY","description":"remote","mime":"application/octet-stream","connection_id":"95eb75d7-c2a3-4509-86e9-a129ea8f8479","connection_path":"/SOLUTIONS/CUSTOMER_ACTIVITY","datasource_type":"8c1a4480-1c29-4b33-9086-9cb799d7b157","create_time":1592874440616,"size":0,"is_remote":true,"is_managed":false,"is_referenced":false,"is_object_key_read_only":false,"is_user_provided_path_key":true,"transfer_complete":true,"is_partitioned":false,"complete_time_ticks":1592874440616,"user_data":{},"test_doc":0,"usage":{"access_count":0,"last_accessor_id":"1000331001","last_access_time":1592874440616}}]}