{"metadata":{"asset_id":"d5e16c5b-9b3d-4bae-a054-a39a0c85ef5d","asset_attributes":["data_asset"],"name":"customer_demochurn_activity_analyze.csv","asset_type":"data_asset","created_at":"2020-06-23T00:45:45Z","description":"","origin_country":"us","owner_id":"1000331001","project_id":"64b83b6b-244f-454d-a3f7-0c09cef6e910","sandbox_id":"64b83b6b-244f-454d-a3f7-0c09cef6e910","size":447779,"tags":[],"usage":{"last_update_time":1593102566709,"last_updated_at":"2020-06-25T16:29:26Z"}},"entity":{"data_asset":{"mime_type":"text/csv","dataset":false,"schema":{"etag":"W/\"6d523-3iWRx7QRYjde2sQE7qtTPiihYuk\"","fields":[{"name":"ID","type":"string","format":"default"},{"name":"AGE_GROUP","type":"string","format":"default"},{"name":"CHURNRISK","type":"string","format":"default"},{"name":"GENDER","type":"string","format":"default"},{"name":"STATUS","type":"string","format":"default"},{"name":"CHILDREN","type":"integer","format":"default"},{"name":"ESTINCOME","type":"number","format":"default"},{"name":"HOMEOWNER","type":"string","format":"default"},{"name":"AGE","type":"string","format":"default"},{"name":"TAXID","type":"string","format":"default"},{"name":"CREDITCARD","type":"integer","format":"default"},{"name":"DOB","type":"integer","format":"default"},{"name":"ADDRESS_1","type":"string","format":"default"},{"name":"ADDRESS_2","type":"string","format":"default"},{"name":"CITY","type":"string","format":"default"},{"name":"STATE","type":"string","format":"default"},{"name":"ZIP","type":"integer","format":"default"},{"name":"ZIP4","type":"integer","format":"default"},{"name":"LONGITUDE","type":"any","format":"default"},{"name":"LATITUDE","type":"any","format":"default"},{"name":"TOTALDOLLARVALUETRADED","type":"number","format":"default"},{"name":"TOTALUNITSTRADED","type":"integer","format":"default"},{"name":"LARGESTSINGLETRANSACTION","type":"integer","format":"default"},{"name":"SMALLESTSINGLETRANSACTION","type":"any","format":"default"},{"name":"PERCENTCHANGECALCULATION","type":"number","format":"default"},{"name":"DAYSSINCELASTLOGIN","type":"integer","format":"default"},{"name":"DAYSSINCELASTTRADE","type":"integer","format":"default"},{"name":"NETREALIZEDGAINS_YTD","type":"number","format":"default"},{"name":"NETREALIZEDLOSSES_YTD","type":"number","format":"default"}]}}},"attachments":[{"id":"8c11e58b-b50a-4536-9b8a-577f50768a81","version":2,"asset_type":"data_asset","name":"customer_demochurn_activity_analyze.csv","mime":"text/csv","object_key":"data_asset/customer_demochurn_activity_analyze.csv","create_time":1592873145366,"size":447779,"is_remote":false,"is_managed":false,"is_referenced":true,"is_object_key_read_only":true,"is_user_provided_path_key":true,"transfer_complete":true,"is_partitioned":false,"complete_time_ticks":1592873145366,"user_data":{},"test_doc":0,"handle":{"key":"data_asset/customer_demochurn_activity_analyze.csv","upload_id":"done","max_part_num":1},"usage":{"access_count":0,"last_accessor_id":"1000331001","last_access_time":1592873145366}}]}