{"metadata":{"asset_id":"23dae95a-8dce-4e85-a09a-fc25c94d7bd2","asset_attributes":["data_asset"],"name":"CPDUSER.CUSTOMER.CHURN","asset_type":"data_asset","created_at":"2020-06-23T01:02:12Z","description":"","origin_country":"none","owner_id":"1000331001","project_id":"64b83b6b-244f-454d-a3f7-0c09cef6e910","sandbox_id":"64b83b6b-244f-454d-a3f7-0c09cef6e910","size":0,"tags":["connected-data"],"usage":{"last_update_time":1592874132748,"last_updated_at":"2020-06-23T01:02:12Z"}},"entity":{"data_asset":{"mime_type":"application/octet-stream","dataset":true,"columns":[{"name":"ID","type":{"length":5,"nullable":true,"type":"smallint","scale":0,"signed":true}},{"name":"CHURNRISK","type":{"length":6,"nullable":true,"type":"varchar","scale":0,"signed":false}}]}},"attachments":[{"id":"73535a18-6d4e-49a9-978b-70d28f0d2dee","version":2,"asset_type":"data_asset","name":"CUSTOMER_CHURN","description":"remote","mime":"application/octet-stream","connection_id":"95eb75d7-c2a3-4509-86e9-a129ea8f8479","connection_path":"/CPDUSER/CUSTOMER_CHURN","datasource_type":"8c1a4480-1c29-4b33-9086-9cb799d7b157","create_time":1592874132747,"size":0,"is_remote":true,"is_managed":false,"is_referenced":false,"is_object_key_read_only":false,"is_user_provided_path_key":true,"transfer_complete":true,"is_partitioned":false,"complete_time_ticks":1592874132747,"user_data":{},"test_doc":0,"usage":{"access_count":0,"last_accessor_id":"1000331001","last_access_time":1592874132747}}]}