{"metadata":{"asset_id":"7a788a4d-299c-4a8e-b699-d65dd047d73f","asset_attributes":["data_asset"],"name":"TraderDataFinal.csv","asset_type":"data_asset","created_at":"2020-06-23T00:45:58Z","description":"","origin_country":"us","owner_id":"1000331001","project_id":"64b83b6b-244f-454d-a3f7-0c09cef6e910","sandbox_id":"64b83b6b-244f-454d-a3f7-0c09cef6e910","size":12757,"tags":[],"usage":{"last_update_time":1593095286833,"last_updated_at":"2020-06-25T14:28:06Z"}},"entity":{"data_asset":{"mime_type":"text/csv","dataset":false,"schema":{"etag":"W/\"31d5-u7+PB3/bMW/5zTuUKgwgEnH6bSA\"","fields":[{"name":"Date","type":"string","format":"default"},{"name":"Quarter","type":"integer","format":"default"},{"name":"Month","type":"string","format":"default"},{"name":"MonthNum","type":"integer","format":"default"},{"name":"SharesSold","type":"integer","format":"default"},{"name":"DailyTraders","type":"integer","format":"default"},{"name":"Before","type":"string","format":"default"}]}}},"attachments":[{"id":"fa2b6be0-aa00-4c62-a23c-03dfb80cc6d9","version":2,"asset_type":"data_asset","name":"TraderDataFinal.csv","mime":"text/csv","object_key":"data_asset/TraderDataFinal.csv","create_time":1592873158592,"size":12757,"is_remote":false,"is_managed":false,"is_referenced":true,"is_object_key_read_only":true,"is_user_provided_path_key":true,"transfer_complete":true,"is_partitioned":false,"complete_time_ticks":1592873158592,"user_data":{},"test_doc":0,"handle":{"key":"data_asset/TraderDataFinal.csv","upload_id":"done","max_part_num":1},"usage":{"access_count":0,"last_accessor_id":"1000331001","last_access_time":1592873158592}}]}