{"metadata":{"asset_id":"db3b366f-b6f1-4813-9e01-6fa9152a8d52","asset_attributes":["data_asset"],"name":"SOLUTIONS.CUSTOMER_DEMOCHURN_ACTIVITY","asset_type":"data_asset","created_at":"2020-06-23T01:04:02Z","description":"","origin_country":"none","owner_id":"1000331001","project_id":"64b83b6b-244f-454d-a3f7-0c09cef6e910","sandbox_id":"64b83b6b-244f-454d-a3f7-0c09cef6e910","size":0,"tags":["connected-data"],"usage":{"last_update_time":1592874243463,"last_updated_at":"2020-06-23T01:04:03Z"}},"entity":{"data_asset":{"mime_type":"application/octet-stream","dataset":true,"columns":[{"name":"ID","type":{"length":5,"nullable":true,"type":"smallint","scale":0,"signed":true}},{"name":"AGE_GROUP","type":{"length":11,"nullable":true,"type":"varchar","scale":0,"signed":false}},{"name":"CHURNRISK","type":{"length":6,"nullable":true,"type":"varchar","scale":0,"signed":false}},{"name":"GENDER","type":{"length":1,"nullable":true,"type":"varchar","scale":0,"signed":false}},{"name":"STATUS","type":{"length":1,"nullable":true,"type":"varchar","scale":0,"signed":false}},{"name":"CHILDREN","type":{"length":5,"nullable":true,"type":"smallint","scale":0,"signed":true}},{"name":"ESTINCOME","type":{"length":9,"nullable":true,"type":"decimal","scale":2,"signed":true}},{"name":"HOMEOWNER","type":{"length":1,"nullable":true,"type":"varchar","scale":0,"signed":false}},{"name":"AGE","type":{"length":5,"nullable":true,"type":"smallint","scale":0,"signed":true}},{"name":"TAXID","type":{"length":9,"nullable":true,"type":"varchar","scale":0,"signed":false}},{"name":"CREDITCARD","type":{"length":16,"nullable":true,"type":"char","scale":0,"signed":false}},{"name":"DOB","type":{"length":10,"nullable":true,"type":"date","scale":0,"signed":false}},{"name":"ADDRESS_1","type":{"length":60,"nullable":true,"type":"varchar","scale":0,"signed":false}},{"name":"ADDRESS_2","type":{"length":60,"nullable":true,"type":"varchar","scale":0,"signed":false}},{"name":"CITY","type":{"length":25,"nullable":true,"type":"varchar","scale":0,"signed":false}},{"name":"STATE","type":{"length":2,"nullable":true,"type":"char","scale":0,"signed":false}},{"name":"ZIP","type":{"length":5,"nullable":true,"type":"char","scale":0,"signed":false}},{"name":"ZIP4","type":{"length":4,"nullable":true,"type":"char","scale":0,"signed":false}},{"name":"LONGITUDE","type":{"length":9,"nullable":true,"type":"decimal","scale":6,"signed":true}},{"name":"LATITUDE","type":{"length":9,"nullable":true,"type":"decimal","scale":6,"signed":true}},{"name":"TOTALDOLLARVALUETRADED","type":{"length":9,"nullable":true,"type":"decimal","scale":2,"signed":true}},{"name":"TOTALUNITSTRADED","type":{"length":5,"nullable":true,"type":"smallint","scale":0,"signed":true}},{"name":"LARGESTSINGLETRANSACTION","type":{"length":5,"nullable":true,"type":"smallint","scale":0,"signed":true}},{"name":"SMALLESTSINGLETRANSACTION","type":{"length":5,"nullable":true,"type":"smallint","scale":0,"signed":true}},{"name":"PERCENTCHANGECALCULATION","type":{"length":6,"nullable":true,"type":"decimal","scale":2,"signed":true}},{"name":"DAYSSINCELASTLOGIN","type":{"length":5,"nullable":true,"type":"smallint","scale":0,"signed":true}},{"name":"DAYSSINCELASTTRADE","type":{"length":5,"nullable":true,"type":"smallint","scale":0,"signed":true}},{"name":"NETREALIZEDGAINS_YTD","type":{"length":12,"nullable":true,"type":"decimal","scale":4,"signed":true}},{"name":"NETREALIZEDLOSSES_YTD","type":{"length":13,"nullable":true,"type":"decimal","scale":5,"signed":true}}]}},"attachments":[{"id":"17646ee2-cd00-40c3-ae93-9ee6d2d95a16","version":2,"asset_type":"data_asset","name":"CUSTOMER_DEMOCHURN_ACTIVITY","description":"remote","mime":"application/octet-stream","connection_id":"95eb75d7-c2a3-4509-86e9-a129ea8f8479","connection_path":"/SOLUTIONS/CUSTOMER_DEMOCHURN_ACTIVITY","datasource_type":"8c1a4480-1c29-4b33-9086-9cb799d7b157","create_time":1592874243462,"size":0,"is_remote":true,"is_managed":false,"is_referenced":false,"is_object_key_read_only":false,"is_user_provided_path_key":true,"transfer_complete":true,"is_partitioned":false,"complete_time_ticks":1592874243462,"user_data":{},"test_doc":0,"usage":{"access_count":0,"last_accessor_id":"1000331001","last_access_time":1592874243462}}]}