{"metadata":{"asset_id":"fdceaf4d-0a56-46cf-8294-ba1e42775297","asset_attributes":["data_asset"],"name":"USER1001.ACTIVITY01","asset_type":"data_asset","created_at":"2020-06-24T03:16:20Z","description":"","origin_country":"none","owner_id":"1000331001","project_id":"64b83b6b-244f-454d-a3f7-0c09cef6e910","sandbox_id":"64b83b6b-244f-454d-a3f7-0c09cef6e910","size":0,"tags":["connected-data"],"usage":{"last_update_time":1592968580527,"last_updated_at":"2020-06-24T03:16:20Z"}},"entity":{"data_asset":{"mime_type":"application/octet-stream","dataset":true,"properties":[{"name":"schema_name","value":"USER1001"},{"name":"table_name","value":"ACTIVITY01"}]}},"attachments":[{"id":"b98a63fa-9877-467e-9046-3a22ac217c52","version":2,"asset_type":"data_asset","connection_id":"2b06729d-c0fa-42c5-995a-9aa9af75829c","connection_path":"/USER1001/ACTIVITY01","datasource_type":"2bdd9544-f13a-47b6-b6c3-f5964a08066a","create_time":1592968580526,"size":0,"is_remote":true,"is_managed":false,"is_referenced":false,"is_object_key_read_only":false,"is_user_provided_path_key":true,"transfer_complete":true,"is_partitioned":false,"complete_time_ticks":1592968580526,"user_data":{},"test_doc":0,"usage":{"access_count":0,"last_accessor_id":"1000331001","last_access_time":1592968580526}}]}