{"metadata":{"asset_id":"296d6fee-235b-4219-a4cc-704a6467e1c9","asset_attributes":["data_flow"],"name":"CPDUSER.CUSTOMER_DEMOGRAPHICS_flow","asset_type":"data_flow","created_at":"2020-06-24T01:54:20Z","description":"","origin_country":"us","owner_id":"1000331001","project_id":"64b83b6b-244f-454d-a3f7-0c09cef6e910","sandbox_id":"64b83b6b-244f-454d-a3f7-0c09cef6e910","size":0,"tags":[],"usage":{"last_update_time":1592964729059,"last_updated_at":"2020-06-24T02:12:09Z"}},"entity":{"data_flow":{"_entity_only":false}},"attachments":[{"id":"88515e67-0c4e-45c2-a0b7-f11c30660e0a","version":2,"asset_type":"data_flow","name":"data_flow","description":"","mime":"application/json","object_key":"data_flow/CPDUSER.CUSTOMER_DEMOGRAPHICS_flow","create_time":1592963660769,"size":0,"is_remote":false,"is_managed":false,"is_referenced":true,"is_object_key_read_only":false,"is_user_provided_path_key":true,"transfer_complete":true,"is_partitioned":true,"complete_time_ticks":1592963660769,"user_data":{},"test_doc":0,"handle":{"key":"data_flow/CPDUSER.CUSTOMER_DEMOGRAPHICS_flow","upload_id":"done","max_part_num":1},"usage":{"access_count":0,"last_accessor_id":"1000331001","last_access_time":1592963660769}}]}