{"metadata":{"asset_id":"9cc15b3f-487d-4a47-b2f0-71a3e6977367","asset_attributes":["data_asset","data_profile"],"name":"SOLUTIONS.CUSTOMER_DEMOCHURN","asset_type":"data_asset","created_at":"2020-06-23T01:03:02Z","description":"","origin_country":"none","owner_id":"1000331001","project_id":"64b83b6b-244f-454d-a3f7-0c09cef6e910","sandbox_id":"64b83b6b-244f-454d-a3f7-0c09cef6e910","size":290469,"tags":["connected-data"],"usage":{"last_update_time":1592962556961,"last_updated_at":"2020-06-24T01:35:56Z"}},"entity":{"data_asset":{"mime_type":"application/octet-stream","dataset":true,"columns":[{"name":"AGE_GROUP","type":{"length":11,"nullable":true,"type":"varchar","scale":0,"signed":false}},{"name":"ID","type":{"length":5,"nullable":true,"type":"smallint","scale":0,"signed":true}},{"name":"CHURNRISK","type":{"length":6,"nullable":true,"type":"varchar","scale":0,"signed":false}},{"name":"GENDER","type":{"length":1,"nullable":true,"type":"varchar","scale":0,"signed":false}},{"name":"STATUS","type":{"length":1,"nullable":true,"type":"varchar","scale":0,"signed":false}},{"name":"CHILDREN","type":{"length":5,"nullable":true,"type":"smallint","scale":0,"signed":true}},{"name":"ESTINCOME","type":{"length":9,"nullable":true,"type":"decimal","scale":2,"signed":true}},{"name":"HOMEOWNER","type":{"length":1,"nullable":true,"type":"varchar","scale":0,"signed":false}},{"name":"AGE","type":{"length":5,"nullable":true,"type":"smallint","scale":0,"signed":true}},{"name":"TAXID","type":{"length":9,"nullable":true,"type":"varchar","scale":0,"signed":false}},{"name":"CREDITCARD","type":{"length":16,"nullable":true,"type":"char","scale":0,"signed":false}},{"name":"DOB","type":{"length":10,"nullable":true,"type":"date","scale":0,"signed":false}},{"name":"ADDRESS_1","type":{"length":60,"nullable":true,"type":"varchar","scale":0,"signed":false}},{"name":"ADDRESS_2","type":{"length":60,"nullable":true,"type":"varchar","scale":0,"signed":false}},{"name":"CITY","type":{"length":25,"nullable":true,"type":"varchar","scale":0,"signed":false}},{"name":"STATE","type":{"length":2,"nullable":true,"type":"char","scale":0,"signed":false}},{"name":"ZIP","type":{"length":5,"nullable":true,"type":"varchar","scale":0,"signed":false}},{"name":"ZIP4","type":{"length":4,"nullable":true,"type":"varchar","scale":0,"signed":false}},{"name":"LONGITUDE","type":{"length":9,"nullable":true,"type":"decimal","scale":6,"signed":true}},{"name":"LATITUDE","type":{"length":9,"nullable":true,"type":"decimal","scale":6,"signed":true}}]},"data_profile":{"079fb4fc-6c17-4c6f-b70f-ef46a36d52f0":{"metadata":{"guid":"079fb4fc-6c17-4c6f-b70f-ef46a36d52f0","asset_id":"079fb4fc-6c17-4c6f-b70f-ef46a36d52f0","dataset_id":"9cc15b3f-487d-4a47-b2f0-71a3e6977367","url":"https://internal-nginx-svc:12443/v2/data_profiles/079fb4fc-6c17-4c6f-b70f-ef46a36d52f0?project_id=64b83b6b-244f-454d-a3f7-0c09cef6e910&dataset_id=9cc15b3f-487d-4a47-b2f0-71a3e6977367","project_id":"64b83b6b-244f-454d-a3f7-0c09cef6e910","created_at":"2020-06-24T01:09:07.084Z","accessed_at":"2020-06-24T01:09:07.084Z","owner":"cpduser","owner_id":"1000331001","last_updater_id":"1000331001"},"entity":{"data_profile":{"options":{"disable_profiling":false,"max_row_count":5000,"max_distribution_size":100,"max_numeric_stats_bins":200,"classification_options":{"disabled":false,"use_all_ibm_classes":false,"use_all_custom_classes":false,"ibm_class_codes":["5d2d5419-0032-4c64-90e2-ce68c6997bb5_22375a6d-ad9c-433b-8e34-6706c8d433f9","5d2d5419-0032-4c64-90e2-ce68c6997bb5_a654c631-cacf-4f84-b3c9-fc2b419ed1b2","5d2d5419-0032-4c64-90e2-ce68c6997bb5_f01ae820-7818-42c1-a5b7-7d040a2ea0e9","5d2d5419-0032-4c64-90e2-ce68c6997bb5_ee481740-b6e3-4852-8829-306ebc4f6a2e","5d2d5419-0032-4c64-90e2-ce68c6997bb5_d30f18c3-f3b4-4f7d-831b-debff283f74d","5d2d5419-0032-4c64-90e2-ce68c6997bb5_5ab91139-27a3-4dfe-abf6-f6cb24ce0132","5d2d5419-0032-4c64-90e2-ce68c6997bb5_22b4bd3c-e846-4159-85e5-b3ee2f28dea7","5d2d5419-0032-4c64-90e2-ce68c6997bb5_676fe0cd-eef4-4889-8dfd-58d89ad9676b","5d2d5419-0032-4c64-90e2-ce68c6997bb5_f071f686-b17a-4bf2-8369-d2bcc806c479","5d2d5419-0032-4c64-90e2-ce68c6997bb5_bfc981f6-f8d9-4746-a102-54e3ddf4ed45","5d2d5419-0032-4c64-90e2-ce68c6997bb5_31139eb5-b5ca-4a4a-aa7b-f6503d9c8a8b","5d2d5419-0032-4c64-90e2-ce68c6997bb5_6246efd3-4016-48ac-8a49-8a3f8e16ab6d","5d2d5419-0032-4c64-90e2-ce68c6997bb5_37a92a2e-fb33-48d7-9474-2c655a2268ac","5d2d5419-0032-4c64-90e2-ce68c6997bb5_1376bb04-ba83-4340-a720-2392d115e5ee","5d2d5419-0032-4c64-90e2-ce68c6997bb5_c03ff866-8289-4ceb-b718-5a703582a6aa","5d2d5419-0032-4c64-90e2-ce68c6997bb5_2fae7c1f-0a41-41f6-be76-d6522dbd631c","5d2d5419-0032-4c64-90e2-ce68c6997bb5_7c020195-8f55-4aaa-95e6-c9e3f5086b9f","5d2d5419-0032-4c64-90e2-ce68c6997bb5_c751cf13-2893-43ad-a376-dc9905d14050","5d2d5419-0032-4c64-90e2-ce68c6997bb5_94effc85-c544-4404-a548-c047b0246b94","5d2d5419-0032-4c64-90e2-ce68c6997bb5_4e37f6e3-d240-466d-928f-fd436efbbec2","5d2d5419-0032-4c64-90e2-ce68c6997bb5_0484a028-8cdb-416c-ba1c-3c1a8bc3e858","5d2d5419-0032-4c64-90e2-ce68c6997bb5_f72717e3-1dc8-499b-af48-0ee8cdd44070","5d2d5419-0032-4c64-90e2-ce68c6997bb5_5399b2fc-659c-4116-a3ff-78af784b07a1","5d2d5419-0032-4c64-90e2-ce68c6997bb5_1b5a4800-d14f-4bbf-b663-5ce3d0e37f57","5d2d5419-0032-4c64-90e2-ce68c6997bb5_5ebad3bf-e30f-499d-ae46-7692b998dd14","5d2d5419-0032-4c64-90e2-ce68c6997bb5_dbecec2c-1a9e-4c2b-934b-e951186cea87","5d2d5419-0032-4c64-90e2-ce68c6997bb5_24d91cae-c97f-48d5-ab3e-2cd1ad4b34cc","5d2d5419-0032-4c64-90e2-ce68c6997bb5_94560aca-5094-4ed7-9fe2-d1da8b431bf7","5d2d5419-0032-4c64-90e2-ce68c6997bb5_79c451ef-3a30-4ef3-ad94-8c370f119264","5d2d5419-0032-4c64-90e2-ce68c6997bb5_5b8160f4-1650-4eba-83ed-8cd1d7820e21","5d2d5419-0032-4c64-90e2-ce68c6997bb5_5b24ba8d-f723-4040-aafa-29507a7cda99","5d2d5419-0032-4c64-90e2-ce68c6997bb5_b7e70120-d281-401a-af16-b0d5946f51d4","5d2d5419-0032-4c64-90e2-ce68c6997bb5_092fdf66-30c4-43fa-b5ac-9a6ea744bda7","5d2d5419-0032-4c64-90e2-ce68c6997bb5_98e58be5-24cc-4780-b39b-6af658599dbb","5d2d5419-0032-4c64-90e2-ce68c6997bb5_32615bfc-8807-47bb-91d7-5cecd7a3aabf","5d2d5419-0032-4c64-90e2-ce68c6997bb5_7dd4b842-6cbc-4caa-b8c7-f2926f949835","5d2d5419-0032-4c64-90e2-ce68c6997bb5_be25e3be-eda1-4b2a-b052-91c57c4e2510","5d2d5419-0032-4c64-90e2-ce68c6997bb5_9673031b-1a6f-4a37-879a-050a5aee07d4","5d2d5419-0032-4c64-90e2-ce68c6997bb5_b5a79d45-73e9-47b7-b2fd-de124dee0974","5d2d5419-0032-4c64-90e2-ce68c6997bb5_da753293-6d1c-4273-bce5-97568573da40","5d2d5419-0032-4c64-90e2-ce68c6997bb5_f6e28f54-dfd5-4d5b-9be4-04e5fb257745","5d2d5419-0032-4c64-90e2-ce68c6997bb5_8c243f3d-11fa-4aa9-95bd-f6b3b592135b","5d2d5419-0032-4c64-90e2-ce68c6997bb5_e956603a-dff4-40e4-a49d-79676db9f00c","5d2d5419-0032-4c64-90e2-ce68c6997bb5_35cdc0a0-1125-4108-b1ae-a45e40ac0cc7","5d2d5419-0032-4c64-90e2-ce68c6997bb5_59d2a329-98cb-400e-ba53-cf31e60b0c91","5d2d5419-0032-4c64-90e2-ce68c6997bb5_b2b13339-9a49-4962-8bd8-b829670ba4a8","5d2d5419-0032-4c64-90e2-ce68c6997bb5_d102b4ce-b51b-451a-b79f-13804d8cb601","5d2d5419-0032-4c64-90e2-ce68c6997bb5_59882f51-1f49-4b3c-aa02-9de6a316741f","5d2d5419-0032-4c64-90e2-ce68c6997bb5_a7fd26b1-84e9-47cc-b6a2-e5d9410e4cad","5d2d5419-0032-4c64-90e2-ce68c6997bb5_df5de8c2-33eb-4722-9f00-5419c5594958","5d2d5419-0032-4c64-90e2-ce68c6997bb5_247d9851-56b0-4032-bcf7-f43051dda30c","5d2d5419-0032-4c64-90e2-ce68c6997bb5_e505bb1c-d573-4448-bcfa-9e9f9cb06e2b","5d2d5419-0032-4c64-90e2-ce68c6997bb5_f2845c68-1140-49c2-9993-795b0b1ed676","5d2d5419-0032-4c64-90e2-ce68c6997bb5_e2bbf471-5abd-46fc-ba6a-36ea16b11458","5d2d5419-0032-4c64-90e2-ce68c6997bb5_90c92d1e-ed50-47c1-936f-605a4021e40e","5d2d5419-0032-4c64-90e2-ce68c6997bb5_19dacfdd-2dc4-4821-a515-345a83a70080","5d2d5419-0032-4c64-90e2-ce68c6997bb5_6b235c69-19f5-4dac-9f18-cc5374e6030b","5d2d5419-0032-4c64-90e2-ce68c6997bb5_cf4102f6-cdee-4940-acdc-726c54440e1c","5d2d5419-0032-4c64-90e2-ce68c6997bb5_b7b88397-0f38-4020-8d81-fba27b617faf","5d2d5419-0032-4c64-90e2-ce68c6997bb5_7c53d31d-2471-4c3c-8675-24d078c85db7","5d2d5419-0032-4c64-90e2-ce68c6997bb5_7248b20a-c4fe-4ef9-9d70-d93b54ea3879","5d2d5419-0032-4c64-90e2-ce68c6997bb5_6d906054-7840-445f-8b41-e07c03e69ea5","5d2d5419-0032-4c64-90e2-ce68c6997bb5_2e5bfc4a-c1b3-4a7e-8070-66e9576d7046","5d2d5419-0032-4c64-90e2-ce68c6997bb5_4e574576-bdda-4e1d-9047-98e8a4d7611a","5d2d5419-0032-4c64-90e2-ce68c6997bb5_f56c56e7-8cba-4d9e-8283-b84d778447f7","5d2d5419-0032-4c64-90e2-ce68c6997bb5_421fd185-f7f4-4661-b1fe-c202d4bad5b6","5d2d5419-0032-4c64-90e2-ce68c6997bb5_0ec0879c-def1-4dee-97e3-d7a7a0690368","5d2d5419-0032-4c64-90e2-ce68c6997bb5_ee45cbae-07a9-4ddd-84cb-3c21f807225c","5d2d5419-0032-4c64-90e2-ce68c6997bb5_dde0824d-e7d6-4585-85be-aef08774e864","5d2d5419-0032-4c64-90e2-ce68c6997bb5_829ff8b4-83b3-4220-b861-c38a541e8cbb","5d2d5419-0032-4c64-90e2-ce68c6997bb5_a0c35d5b-95de-48f5-a978-96e2b3bb80e2","5d2d5419-0032-4c64-90e2-ce68c6997bb5_613192c7-b5b9-4ab2-a940-3a7c3ef8e51b","5d2d5419-0032-4c64-90e2-ce68c6997bb5_a52bfbc0-6fbc-45e7-8576-1bef0f1c331b","5d2d5419-0032-4c64-90e2-ce68c6997bb5_1dfe6aaa-cd48-4fc6-b6ef-47dc45380356","5d2d5419-0032-4c64-90e2-ce68c6997bb5_c17428ba-0dd2-4afc-b0d5-9122c51de573","5d2d5419-0032-4c64-90e2-ce68c6997bb5_38c9224f-4c37-4bf3-a3b6-43a3b03aeb9a","5d2d5419-0032-4c64-90e2-ce68c6997bb5_399093ac-cd7a-48c1-94d2-6d5d40c8fcd8","5d2d5419-0032-4c64-90e2-ce68c6997bb5_38d2b7a7-27c1-46ad-8bb9-dbdce896b0a1","5d2d5419-0032-4c64-90e2-ce68c6997bb5_854c36a0-852d-454b-9f20-448ffe289a97","5d2d5419-0032-4c64-90e2-ce68c6997bb5_32a4d822-77c6-4934-a62d-34b82953e2e7","5d2d5419-0032-4c64-90e2-ce68c6997bb5_d689a8a7-09ab-475e-9d6b-1476eb7eb882","5d2d5419-0032-4c64-90e2-ce68c6997bb5_ede21e4d-e73b-4cd5-bf1f-6772846a3866","5d2d5419-0032-4c64-90e2-ce68c6997bb5_f08b4bb1-8625-4576-a382-3f0ec9572831","5d2d5419-0032-4c64-90e2-ce68c6997bb5_4bf78b56-fbab-41b7-ba8a-2e0bc882657b","5d2d5419-0032-4c64-90e2-ce68c6997bb5_7b916d9b-5920-42c3-a450-93a654742a31","5d2d5419-0032-4c64-90e2-ce68c6997bb5_6c7eb08d-daf7-4dc8-805b-2498719056fb","5d2d5419-0032-4c64-90e2-ce68c6997bb5_d0839210-8ccd-421f-adf2-b20c987ed058","5d2d5419-0032-4c64-90e2-ce68c6997bb5_8e0e59b3-3ada-47f0-abc3-50e7a0d47f2c","5d2d5419-0032-4c64-90e2-ce68c6997bb5_d3d4e134-c1a3-4d64-bfcb-bca02250fa1d","5d2d5419-0032-4c64-90e2-ce68c6997bb5_d513592c-cf55-4eee-865a-2950e5769b09","5d2d5419-0032-4c64-90e2-ce68c6997bb5_2a804ee7-4d71-4b5d-b1e4-3266d7453c18","5d2d5419-0032-4c64-90e2-ce68c6997bb5_bf08fa4d-2b94-48a8-ac4e-1fe545dfca98","5d2d5419-0032-4c64-90e2-ce68c6997bb5_530a2ab1-02f8-46d1-9f93-1f0e47666628","5d2d5419-0032-4c64-90e2-ce68c6997bb5_f9434d0d-c7c9-4b4b-81fc-66948df33f54","5d2d5419-0032-4c64-90e2-ce68c6997bb5_bc23a6e0-3538-40e2-aee9-b3b8eef7ecc1","5d2d5419-0032-4c64-90e2-ce68c6997bb5_638a33fd-015d-48c1-aef7-ce0e7688568c","5d2d5419-0032-4c64-90e2-ce68c6997bb5_c05dd139-33fe-4172-9536-14aad37aa00e","5d2d5419-0032-4c64-90e2-ce68c6997bb5_11eae296-7631-4c33-88e6-4d41bd2e6f1b","5d2d5419-0032-4c64-90e2-ce68c6997bb5_a3b391ba-4346-42be-8b2f-847dd0f52882","5d2d5419-0032-4c64-90e2-ce68c6997bb5_9371f274-eebd-48ca-a845-dc9b85a0de3c","5d2d5419-0032-4c64-90e2-ce68c6997bb5_e43e65f1-00c5-4aa6-bf45-4d866190d33f","5d2d5419-0032-4c64-90e2-ce68c6997bb5_a345a89e-ddf4-4106-b704-14f987d73f08","5d2d5419-0032-4c64-90e2-ce68c6997bb5_bfe2f384-2929-4f7f-92ef-bc931138acb5","5d2d5419-0032-4c64-90e2-ce68c6997bb5_43d35c92-abec-4f79-8263-18ad1d1134e6","5d2d5419-0032-4c64-90e2-ce68c6997bb5_6e283578-b4fe-4b1a-a6a9-04319cce7b23","5d2d5419-0032-4c64-90e2-ce68c6997bb5_1a092ed4-ea49-4169-a3c0-cca410be93a0","5d2d5419-0032-4c64-90e2-ce68c6997bb5_5dc98157-cd13-4f94-ba33-225af1feb57f","5d2d5419-0032-4c64-90e2-ce68c6997bb5_7890eedb-a06e-4e06-9d2f-a3d39d4a2328","5d2d5419-0032-4c64-90e2-ce68c6997bb5_66836822-7cd7-4da2-ad78-0b683bf2e3d2","5d2d5419-0032-4c64-90e2-ce68c6997bb5_15137bb0-5c52-4ed1-9d1e-0ba7185d5a31","5d2d5419-0032-4c64-90e2-ce68c6997bb5_255b90c7-f348-4876-a1a9-8bff871349ef","5d2d5419-0032-4c64-90e2-ce68c6997bb5_4c89f688-87df-4819-81a2-92b16637490b","5d2d5419-0032-4c64-90e2-ce68c6997bb5_d79aebee-d9dd-484c-8f87-d39f0567f98b","5d2d5419-0032-4c64-90e2-ce68c6997bb5_aa6924d6-c33f-4bfb-9e91-3509b6a170c9","5d2d5419-0032-4c64-90e2-ce68c6997bb5_c4a59fc1-9db4-4790-9d45-bebe2e807fde","5d2d5419-0032-4c64-90e2-ce68c6997bb5_dd602562-2685-44cd-a9c6-0945b1e904b0","5d2d5419-0032-4c64-90e2-ce68c6997bb5_c3539563-d25a-4512-8036-d7c40c1967b6","5d2d5419-0032-4c64-90e2-ce68c6997bb5_1c63cff9-292c-402f-aa73-168123fe5b2f","5d2d5419-0032-4c64-90e2-ce68c6997bb5_d0ee8c68-1a07-42cd-b4f5-a79e6f412b98","5d2d5419-0032-4c64-90e2-ce68c6997bb5_fc8d539d-c081-4235-8f5e-d347a81a33d8","5d2d5419-0032-4c64-90e2-ce68c6997bb5_fffbd871-7ed2-45e6-8397-035aec83a4bc","5d2d5419-0032-4c64-90e2-ce68c6997bb5_49002fea-dcc2-49bd-8667-099c58970452","5d2d5419-0032-4c64-90e2-ce68c6997bb5_e4ab69a6-9c94-4202-876c-51a66f2bc7ba","5d2d5419-0032-4c64-90e2-ce68c6997bb5_ee6689d2-aea2-42df-ac3c-a17bcac3bbe4","5d2d5419-0032-4c64-90e2-ce68c6997bb5_b2c296af-9d4c-4b1f-90be-ea3460347304","5d2d5419-0032-4c64-90e2-ce68c6997bb5_f4edad97-3c67-4aee-9890-db1767f26c80","5d2d5419-0032-4c64-90e2-ce68c6997bb5_3287c452-f61d-4f3d-892f-69c514cecf3e","5d2d5419-0032-4c64-90e2-ce68c6997bb5_1728a737-6ecc-4699-b080-6cedecb9fe51","5d2d5419-0032-4c64-90e2-ce68c6997bb5_c7036a9f-3956-493a-a93a-8e75c705b57d","5d2d5419-0032-4c64-90e2-ce68c6997bb5_9499682f-70fc-43ae-a96e-7b3bbb9e23e8","5d2d5419-0032-4c64-90e2-ce68c6997bb5_5d896208-0d6b-45de-b5b4-e216ced1290e","5d2d5419-0032-4c64-90e2-ce68c6997bb5_da9c9d6c-a43e-4f6c-af43-5a852be91542","5d2d5419-0032-4c64-90e2-ce68c6997bb5_8ddd76c0-76f1-40be-9b03-82f42f6dd282","5d2d5419-0032-4c64-90e2-ce68c6997bb5_7dabc022-a213-41cc-bd88-f310e843493c","5d2d5419-0032-4c64-90e2-ce68c6997bb5_801eb543-9154-44fa-979d-30e0e0b55b5d","5d2d5419-0032-4c64-90e2-ce68c6997bb5_9e6aca28-5c8d-4356-8180-799662a79565","5d2d5419-0032-4c64-90e2-ce68c6997bb5_0d8a7ad8-adab-4664-8a53-547e6f6e3822","5d2d5419-0032-4c64-90e2-ce68c6997bb5_5e43ca90-641d-4fdb-a3e9-dd48a4e25230","5d2d5419-0032-4c64-90e2-ce68c6997bb5_73019d43-5087-4194-9962-492b27a1e2f3","5d2d5419-0032-4c64-90e2-ce68c6997bb5_81aecbc4-506f-4298-aa05-67e62b59349e","5d2d5419-0032-4c64-90e2-ce68c6997bb5_b4e32865-8411-4bec-8eda-2a07d4dde825","5d2d5419-0032-4c64-90e2-ce68c6997bb5_7875cc81-f3d5-4b60-9d7c-ee7c0f228112","5d2d5419-0032-4c64-90e2-ce68c6997bb5_1771868e-b29a-488e-b3ad-3fd822aa107b","5d2d5419-0032-4c64-90e2-ce68c6997bb5_20a47155-8050-4647-832c-ded445994847","5d2d5419-0032-4c64-90e2-ce68c6997bb5_8c64be73-b8ad-44b1-ad6a-b5ae6056325d","5d2d5419-0032-4c64-90e2-ce68c6997bb5_738998ef-fe05-4803-913e-944e6a246e84","5d2d5419-0032-4c64-90e2-ce68c6997bb5_f72d8fbb-068e-49af-8098-83086a6be39e","5d2d5419-0032-4c64-90e2-ce68c6997bb5_e70f06f9-d818-49da-ae00-95e740b52fe8","5d2d5419-0032-4c64-90e2-ce68c6997bb5_4b4fd536-911f-4d66-8b19-a5014c55d2b7","5d2d5419-0032-4c64-90e2-ce68c6997bb5_d39acd9c-fff7-45cd-aeff-0034e1a836f7","5d2d5419-0032-4c64-90e2-ce68c6997bb5_8be9341a-f43e-4f70-9ea6-539eb6ca785c","5d2d5419-0032-4c64-90e2-ce68c6997bb5_157f280d-912a-4f93-baa6-35c1848d3199","5d2d5419-0032-4c64-90e2-ce68c6997bb5_f9ddac78-6fe9-4112-8599-6b6d20262313","5d2d5419-0032-4c64-90e2-ce68c6997bb5_39b2864d-b5cb-428c-9e97-ff2db8c8b216","5d2d5419-0032-4c64-90e2-ce68c6997bb5_5ec496c5-e15a-4c69-8d55-fe23dd9c142a","5d2d5419-0032-4c64-90e2-ce68c6997bb5_7e352c42-da54-4f8e-b602-770a52ac11d8","5d2d5419-0032-4c64-90e2-ce68c6997bb5_d152c1f8-be8f-42a7-a318-c229ba6fe5a3","5d2d5419-0032-4c64-90e2-ce68c6997bb5_73a0f28c-9059-42c6-9dea-c535f6332551","5d2d5419-0032-4c64-90e2-ce68c6997bb5_5f2ec9ff-25d7-4268-b999-77a972be0d4a","5d2d5419-0032-4c64-90e2-ce68c6997bb5_3a86766e-8e3b-4a7d-9c1b-7c4ef0b0f55f","5d2d5419-0032-4c64-90e2-ce68c6997bb5_632c639c-6606-4de4-90e4-cb9f7c567c75","5d2d5419-0032-4c64-90e2-ce68c6997bb5_6c5827a5-7527-428c-b9d8-e684bc9a5296","5d2d5419-0032-4c64-90e2-ce68c6997bb5_89acc42a-0013-4570-a747-642fa468b050","5d2d5419-0032-4c64-90e2-ce68c6997bb5_7000b4e8-3d32-4bf9-80a1-6e60bf7e4fd9","5d2d5419-0032-4c64-90e2-ce68c6997bb5_64dd89b7-5ceb-4d6b-bf46-fd2bbde43939"],"custom_class_codes":[]}},"execution":{"status":"finished","is_supported":true,"dataflow_id":"6fcbce85-b7b2-4863-b26e-35fc85e1e227","dataflow_run_id":"cdaaa277-db2f-45d8-907d-1ac3bb5e59d6"},"columns":[],"attachment_id":"d5d3462b-5518-489e-b173-1630e783d974"}},"href":"https://internal-nginx-svc:12443/v2/data_profiles/079fb4fc-6c17-4c6f-b70f-ef46a36d52f0?project_id=64b83b6b-244f-454d-a3f7-0c09cef6e910&dataset_id=9cc15b3f-487d-4a47-b2f0-71a3e6977367"}}},"attachments":[{"id":"1bdd839c-b4c9-42ed-964e-72dba52bcd99","version":2,"asset_type":"data_asset","name":"CUSTOMER_DEMOCHURN","description":"remote","mime":"application/octet-stream","connection_id":"95eb75d7-c2a3-4509-86e9-a129ea8f8479","connection_path":"/SOLUTIONS/CUSTOMER_DEMOCHURN","datasource_type":"8c1a4480-1c29-4b33-9086-9cb799d7b157","create_time":1592874183397,"size":0,"is_remote":true,"is_managed":false,"is_referenced":false,"is_object_key_read_only":false,"is_user_provided_path_key":true,"transfer_complete":true,"is_partitioned":false,"complete_time_ticks":1592874183397,"user_data":{},"test_doc":0,"usage":{"access_count":0,"last_accessor_id":"1000331001","last_access_time":1592874183397}},{"id":"d5d3462b-5518-489e-b173-1630e783d974","version":2,"asset_type":"data_profile","name":"data_profile_079fb4fc-6c17-4c6f-b70f-ef46a36d52f0","object_key":"data_profile_079fb4fc-6c17-4c6f-b70f-ef46a36d52f0","create_time":1592962555179,"size":290469,"is_remote":false,"is_managed":false,"is_referenced":true,"is_object_key_read_only":false,"is_user_provided_path_key":true,"transfer_complete":true,"is_partitioned":false,"complete_time_ticks":1592962555179,"user_data":{},"test_doc":0,"handle":{"key":"data_profile_079fb4fc-6c17-4c6f-b70f-ef46a36d52f0","upload_id":"done","max_part_num":1},"usage":{"access_count":0,"last_accessor_id":"icp4d-dev","last_access_time":1592962555179}}]}