{"metadata":{"asset_id":"3f715e9d-b762-4b9d-9a08-db3d28a98dc3","asset_attributes":["data_asset"],"name":"TraderData.csv","asset_type":"data_asset","created_at":"2020-06-23T00:45:53Z","description":"","origin_country":"us","owner_id":"1000331001","project_id":"64b83b6b-244f-454d-a3f7-0c09cef6e910","sandbox_id":"64b83b6b-244f-454d-a3f7-0c09cef6e910","size":8610,"tags":[],"usage":{"last_update_time":1593095253894,"last_updated_at":"2020-06-25T14:27:33Z"}},"entity":{"data_asset":{"mime_type":"text/csv","dataset":false,"schema":{"etag":"W/\"21a2-n0uyfkULYQPRWnhhNDs0kOyrReE\"","fields":[{"name":"Date","type":"string","format":"default"},{"name":"Quarter","type":"integer","format":"default"},{"name":"Month","type":"string","format":"default"},{"name":"MonthNum","type":"integer","format":"default"},{"name":"SharesSold","type":"integer","format":"default"},{"name":"DailyTraders","type":"integer","format":"default"}]}}},"attachments":[{"id":"88f0e5c2-caf7-400d-aed1-cec5b409d225","version":2,"asset_type":"data_asset","name":"TraderData.csv","mime":"text/csv","object_key":"data_asset/TraderData.csv","create_time":1592873153841,"size":8610,"is_remote":false,"is_managed":false,"is_referenced":true,"is_object_key_read_only":true,"is_user_provided_path_key":true,"transfer_complete":true,"is_partitioned":false,"complete_time_ticks":1592873153841,"user_data":{},"test_doc":0,"handle":{"key":"data_asset/TraderData.csv","upload_id":"done","max_part_num":1},"usage":{"access_count":0,"last_accessor_id":"1000331001","last_access_time":1592873153841}}]}