{"metadata":{"asset_id":"663b4b57-80fc-4e4b-939f-ba66b90d030a","asset_attributes":["notebook"],"name":"TradingCustomerChurnClassifier-Py36","asset_type":"notebook","created_at":"2020-06-23T17:32:02Z","description":"","origin_country":"us","owner_id":"1000331001","project_id":"64b83b6b-244f-454d-a3f7-0c09cef6e910","sandbox_id":"64b83b6b-244f-454d-a3f7-0c09cef6e910","size":23529,"tags":["notebook"],"usage":{"last_update_time":1592972821437,"last_updated_at":"2020-06-24T04:27:01Z"}},"entity":{"notebook":{"kernel":{"name":"python3","display_name":"Python 3.6","language":"python"},"originates_from":{"type":"file"},"runtime":{"environment":"jupconda36-64b83b6b-244f-454d-a3f7-0c09cef6e910"}}},"attachments":[{"id":"fd86fdbb-67bf-41fc-815e-78d920b2eab4","version":2,"asset_type":"notebook","name":"attachment for notebook 663b4b57-80fc-4e4b-939f-ba66b90d030a","description":"attachment for notebook 663b4b57-80fc-4e4b-939f-ba66b90d030a","mime":"application/json","object_key":"notebook/TradingCustomerChurnClassifier-Py36_njSo97HX1.ipynb","create_time":1592933523109,"size":23529,"is_remote":false,"is_managed":false,"is_referenced":true,"is_object_key_read_only":false,"is_user_provided_path_key":true,"transfer_complete":true,"is_partitioned":false,"complete_time_ticks":1592933523109,"user_data":{},"test_doc":0,"handle":{"key":"notebook/TradingCustomerChurnClassifier-Py36_njSo97HX1.ipynb","upload_id":"done","max_part_num":1},"usage":{"access_count":0,"last_accessor_id":"1000331001","last_access_time":1592933523109}}]}